phase_1,phase_2,phase_3,device
12.917,12.295,14.186,charger
12.951,12.27,14.249,charger
13.039,12.257,14.249,charger
13.044,12.281,14.249,charger
13.09,12.295,14.341,charger
13.051,12.257,14.223,charger
13.032,12.257,14.223,charger
13.035,12.279,14.365,charger
12.998,12.245,14.365,charger
13.056,12.245,14.365,charger
13.038,12.232,14.365,charger
13.043,12.253,14.371,charger
13.062,12.253,14.371,charger
13.071,12.24,14.348,charger
13.028,12.248,14.245,charger
13.026,12.233,14.294,charger
13.03,12.259,14.345,charger
13.026,12.255,14.49,charger
13.045,12.239,14.114,charger
13.026,12.264,14.088,charger
13.033,12.24,14.088,charger
13.007,12.257,14.088,charger
13.023,12.228,14.017,charger
13.011,12.247,14.056,charger
13.011,12.245,14.075,charger
13.024,12.259,14.354,charger
13.044,12.256,14.099,charger
13.038,12.263,14.086,charger
13.037,12.276,14.214,charger
13.051,12.264,14.315,charger
13.001,12.271,14.315,charger
13.031,12.287,14.246,charger
13.019,12.297,14.181,charger
13.016,12.264,14.405,charger
13.017,12.263,14.328,charger
13.024,12.273,14.302,charger
13.023,12.284,14.302,charger
13.042,12.284,14.302,charger
13.031,12.272,14.39,charger
13.03,12.268,14.39,charger
12.999,12.268,14.39,charger
13.038,12.261,14.39,charger
13.005,12.277,14.393,charger
13.025,12.289,14.228,charger
13.026,12.244,14.387,charger
13.02,12.251,14.265,charger
13.018,12.251,14.265,charger
12.994,12.251,14.265,charger
13.023,12.259,14.427,charger
13.001,12.27,14.404,charger
13.031,12.267,14.31,charger
12.989,12.281,14.43,charger
13.034,12.277,14.334,charger
13.014,12.264,14.455,charger
13.017,12.296,14.305,charger
13.033,12.266,14.323,charger
13.001,12.266,14.323,charger
13.043,12.27,14.398,charger
13.01,12.27,14.398,charger
13.025,12.265,17.265,charger
13.045,12.264,16.995,charger
13.022,12.241,17.6,charger
12.996,12.247,17.6,charger
12.899,12.265,16.945,charger
12.894,12.286,16.833,charger
12.895,12.264,16.833,charger
12.904,12.236,16.855,charger
12.887,12.236,16.855,charger
12.903,12.289,16.937,charger
12.901,12.289,16.937,charger
12.885,12.273,16.937,charger
12.924,12.284,16.937,charger
12.895,12.284,16.937,charger
12.925,12.285,16.937,charger
12.878,12.27,16.141,charger
12.869,12.369,16.141,charger
12.894,12.369,16.141,charger
12.875,12.38,15.88,charger
12.902,12.285,16.555,charger
12.9,12.251,16.884,charger
12.898,12.253,16.983,charger
12.897,12.281,18.334,charger
12.905,12.287,17.306,charger
12.938,12.228,17.618,charger
12.917,12.288,17.754,charger
12.9,12.261,17.275,charger
12.887,12.261,17.275,charger
12.875,12.258,17.275,charger
12.912,12.298,14.464,charger
12.916,12.298,14.464,charger
12.9,12.273,14.464,charger
12.899,12.272,14.385,charger
12.909,12.272,14.385,charger
12.898,12.27,14.367,charger
12.911,12.342,14.388,charger
12.919,12.281,14.326,charger
12.915,12.319,14.326,charger
12.879,12.261,14.273,charger
12.883,12.259,14.23,charger
12.876,12.285,14.302,charger
12.884,12.239,14.302,charger
12.906,12.287,14.344,charger
12.958,12.287,14.334,charger
12.931,12.284,14.267,charger
12.918,12.273,14.286,charger
12.897,12.259,14.258,charger
12.87,12.302,14.187,charger
12.882,12.284,14.305,charger
12.871,12.283,14.225,charger
12.911,12.307,14.251,charger
12.889,12.26,14.251,charger
12.898,12.275,14.265,charger
12.905,12.275,14.265,charger
12.899,12.284,14.361,charger
12.883,12.287,14.361,charger
12.888,12.287,14.361,charger
12.884,12.295,14.199,charger
12.895,12.279,14.268,charger
12.854,12.253,14.28,charger
12.9,12.302,14.32,charger
12.905,12.302,14.32,charger
12.903,12.292,14.348,charger
12.852,12.281,14.348,charger
12.893,12.313,14.413,charger
12.882,12.299,14.371,charger
12.917,12.284,14.387,charger
12.897,12.284,14.387,charger
12.882,12.291,14.241,charger
12.901,12.291,14.284,charger
12.897,12.31,14.24,charger
12.894,12.31,14.24,charger
12.913,12.296,14.081,charger
12.933,12.283,14.062,charger
12.917,12.283,14.062,charger
12.884,12.289,14.117,charger
12.877,12.266,14.017,charger
12.9,12.327,14.224,charger
12.896,12.309,14.154,charger
12.898,12.292,14.123,charger
12.925,12.291,14.095,charger
12.9,12.29,13.927,charger
12.882,12.294,14.304,charger
12.891,12.267,14.118,charger
12.915,12.315,14.118,charger
12.87,12.28,14.085,charger
12.893,12.272,14.345,charger
12.891,12.309,14.284,charger
12.889,12.309,14.284,charger
12.922,12.273,14.284,charger
12.911,12.33,14.155,charger
12.891,12.302,14.204,charger
12.955,12.302,14.204,charger
12.925,12.308,14.204,charger
12.968,12.308,14.204,charger
12.92,12.308,14.204,charger
12.916,12.308,14.204,charger
12.928,12.308,14.204,charger
12.891,12.318,14.204,charger
12.935,12.318,14.204,charger
12.906,12.314,14.609,charger
12.91,12.314,14.609,charger
12.947,12.332,15.546,charger
12.915,12.332,15.546,charger
12.899,12.332,15.546,charger
12.954,12.332,15.546,charger
12.938,12.332,15.546,charger
12.923,12.332,15.546,charger
12.895,12.332,15.546,charger
12.91,12.339,14.082,charger
12.896,12.319,14.082,charger
12.911,12.347,14.082,charger
12.915,12.312,14.058,charger
12.903,12.312,14.058,charger
12.919,12.312,14.058,charger
12.918,12.299,14.058,charger
12.935,12.337,14.069,charger
12.951,12.304,13.99,charger
12.913,12.323,14.084,charger
12.913,12.302,14.015,charger
12.874,12.269,14.246,charger
12.9,12.269,14.246,charger
12.892,12.269,14.246,charger
12.88,12.29,14.285,charger
12.837,12.29,14.285,charger
12.872,12.254,14.285,charger
12.892,12.254,14.285,charger
12.907,12.268,14.279,charger
12.889,12.268,14.279,charger
12.883,12.26,14.235,charger
12.859,12.294,14.232,charger
12.881,12.27,14.2,charger
12.851,12.24,14.2,charger
12.883,12.24,14.2,charger
12.879,12.262,14.09,charger
12.845,12.262,14.09,charger
12.886,12.272,14.125,charger
12.908,12.272,14.125,charger
12.911,12.272,14.125,charger
12.891,12.272,14.125,charger
12.912,12.272,14.125,charger
12.885,12.272,14.125,charger
12.874,12.244,14.125,charger
12.878,12.244,14.125,charger
12.91,12.244,14.125,charger
12.873,12.31,14.125,charger
12.905,12.31,14.125,charger
12.915,12.311,14.125,charger
12.918,12.311,14.125,charger
12.893,12.311,14.125,charger
12.895,12.265,14.27,charger
12.906,12.298,14.27,charger
12.903,12.284,14.177,charger
12.936,12.284,14.177,charger
12.937,12.295,14.223,charger
12.911,12.282,14.262,charger
12.904,12.282,14.262,charger
12.893,12.285,14.177,charger
12.887,12.285,14.177,charger
12.939,12.287,14.301,charger
12.908,12.287,14.301,charger
12.949,12.287,14.301,charger
12.955,12.328,14.301,charger
12.892,12.311,13.975,charger
12.893,12.311,13.975,charger
12.926,12.282,13.998,charger
12.929,12.317,13.998,charger
12.914,12.304,14.08,charger
12.889,12.294,14.067,charger
12.894,12.25,14.067,charger
12.916,12.25,14.067,charger
12.915,12.25,14.067,charger
12.932,12.299,14.067,charger
12.92,12.299,14.067,charger
12.949,12.284,14.665,charger
12.912,12.309,14.665,charger
12.914,12.316,14.64,charger
12.934,12.316,14.64,charger
12.935,12.316,14.64,charger
12.908,12.318,14.64,charger
13.102,12.298,14.799,charger
13.137,12.296,14.799,charger
13.108,12.296,14.799,charger
13.103,12.301,14.799,charger
13.111,12.301,14.799,charger
13.146,12.285,14.734,charger
13.112,12.305,14.734,charger
13.113,12.268,14.685,charger
13.127,12.321,14.861,charger
13.144,12.314,14.861,charger
13.104,12.296,14.861,charger
13.127,12.283,14.793,charger
13.137,12.297,14.707,charger
13.1,12.297,14.707,charger
13.121,12.324,14.742,charger
13.128,12.324,14.742,charger
13.148,12.351,14.767,charger
13.158,12.352,14.8,charger
13.165,12.299,14.8,charger
13.128,12.318,14.724,charger
13.099,12.307,14.793,charger
13.126,12.327,14.793,charger
13.126,12.327,14.728,charger
13.1,12.327,14.728,charger
13.128,12.327,14.633,charger
13.126,12.33,14.649,charger
13.147,12.323,14.748,charger
13.116,12.338,14.681,charger
13.111,12.322,14.681,charger
13.139,12.322,14.681,charger
13.109,12.299,14.681,charger
13.114,12.297,14.681,charger
19.192,12.33,14.717,charger
13.125,12.33,14.717,charger
13.126,12.328,14.758,charger
13.128,12.328,14.758,charger
13.151,12.304,14.758,charger
13.163,12.304,14.758,charger
18.961,12.304,14.758,charger
18.946,12.323,14.451,charger
26.58,12.315,14.45,charger
20.887,12.324,14.474,charger
20.885,12.348,14.464,charger
13.373,12.348,14.464,charger
20.731,12.302,14.918,charger
13.191,12.294,14.918,charger
13.093,12.286,14.747,charger
13.126,12.286,14.747,charger
13.145,12.286,14.747,charger
13.096,12.286,14.747,charger
13.103,12.286,14.747,charger
13.084,12.286,14.747,charger
13.092,12.31,14.747,charger
13.117,12.31,14.747,charger
13.102,12.31,14.747,charger
13.126,12.311,14.782,charger
13.139,12.318,14.739,charger
13.119,12.295,14.739,charger
13.138,12.295,14.739,charger
13.154,12.298,14.733,charger
13.154,12.32,14.733,charger
13.126,12.32,14.72,charger
13.159,12.32,14.72,charger
13.175,12.332,15.055,charger
13.101,12.332,15.055,charger
13.098,12.294,14.781,charger
13.122,12.329,14.781,charger
13.127,12.343,14.645,charger
13.125,12.343,14.645,charger
13.14,12.343,14.645,charger
13.14,12.345,14.736,charger
13.128,12.345,14.736,charger
13.136,12.316,14.736,charger
13.148,12.334,14.76,charger
13.163,12.417,14.636,charger
13.116,12.39,14.636,charger
13.123,12.39,14.624,charger
13.103,12.407,14.792,charger
13.132,12.424,14.792,charger
11.921,11.659,13.004,charger
11.957,11.621,12.897,charger
12.489,12.2,14.24,charger
12.499,12.233,14.293,charger
12.49,12.246,14.215,charger
12.523,12.246,14.215,charger
12.483,12.268,14.215,charger
12.468,12.257,14.327,charger
12.489,12.257,14.327,charger
12.466,12.236,14.301,charger
12.501,12.253,14.187,charger
12.474,12.236,14.187,charger
12.494,12.218,14.551,charger
12.477,12.219,14.347,charger
12.489,12.271,14.477,charger
12.506,12.214,14.463,charger
12.511,12.214,14.463,charger
12.524,12.277,14.484,charger
12.515,12.237,14.619,charger
12.505,12.265,14.619,charger
12.517,12.265,14.619,charger
12.492,12.266,14.619,charger
12.515,12.253,14.565,charger
12.521,12.243,14.565,charger
12.5,12.243,14.565,charger
12.516,12.232,14.565,charger
12.472,12.241,14.565,charger
12.518,12.241,14.565,charger
12.492,12.357,14.565,charger
12.506,12.337,14.565,charger
12.502,12.363,14.565,charger
12.509,12.363,14.565,charger
12.518,12.363,14.565,charger
12.526,12.363,14.565,charger
12.513,12.376,14.473,charger
12.918,12.259,14.473,charger
12.949,12.27,14.562,charger
12.912,12.257,14.354,charger
12.911,12.298,14.452,charger
12.885,12.257,14.452,charger
12.88,12.265,14.352,charger
12.9,12.244,14.352,charger
12.909,12.244,14.352,charger
13.082,12.285,14.352,charger
13.086,12.285,14.352,charger
13.08,12.285,14.352,charger
13.102,12.291,14.742,charger
12.982,12.291,14.742,charger
12.986,12.266,14.742,charger
12.997,12.267,14.642,charger
12.993,12.328,14.642,charger
12.986,12.307,14.409,charger
12.998,12.304,14.389,charger
12.998,12.259,14.344,charger
12.992,12.259,14.344,charger
13,12.259,14.344,charger
12.985,12.259,14.344,charger
13.01,12.259,14.344,charger
12.98,12.296,14.344,charger
12.977,12.297,14.481,charger
12.979,12.297,14.481,charger
12.995,12.271,14.481,charger
12.995,12.369,14.481,charger
13.014,12.28,14.481,charger
12.993,12.284,14.063,charger
20.702,12.287,14.063,charger
13.126,12.287,14.063,charger
20.771,12.274,14.435,charger
20.534,12.313,14.587,charger
12.853,12.259,14.469,charger
12.856,12.314,14.469,charger
12.834,12.282,14.582,charger
12.867,12.315,14.582,charger
12.862,12.315,14.582,charger
12.842,12.311,14.582,charger
12.844,12.311,14.582,charger
12.843,12.32,14.582,charger
12.855,12.281,14.514,charger
12.843,12.262,14.514,charger
12.844,12.294,14.514,charger
12.872,12.294,14.514,charger
12.871,12.277,14.514,charger
12.863,12.277,14.514,charger
12.857,12.277,14.514,charger
12.865,12.268,14.514,charger
12.92,12.268,14.514,charger
12.828,12.285,14.514,charger
12.885,12.288,14.514,charger
12.854,12.287,14.175,charger
12.852,12.315,14.309,charger
12.854,12.297,14.492,charger
12.857,12.297,14.492,charger
12.883,12.347,14.492,charger
14.32,12.305,14.492,charger
18.678,12.305,14.492,charger
18.66,12.305,14.492,charger
14.316,12.305,14.492,charger
14.308,12.305,14.492,charger
14.33,12.324,14.492,charger
14.338,12.324,14.492,charger
12.876,12.297,14.359,charger
12.845,12.297,14.359,charger
12.856,12.304,14.473,charger
12.901,12.316,14.473,charger
12.865,12.316,14.473,charger
12.875,12.298,14.473,charger
12.86,12.298,14.473,charger
12.832,12.317,14.412,charger
12.889,12.284,14.412,charger
12.878,12.284,14.412,charger
12.864,12.317,14.435,charger
12.899,12.33,14.433,charger
12.867,12.28,14.451,charger
12.891,12.313,14.451,charger
12.859,12.313,14.451,charger
12.877,12.324,14.456,charger
12.852,12.28,14.467,charger
12.854,12.322,14.431,charger
12.865,12.289,14.431,charger
12.886,12.289,14.431,charger
12.89,12.297,14.702,charger
12.872,12.297,14.702,charger
12.875,12.306,14.393,charger
12.885,12.306,14.393,charger
12.878,12.299,14.473,charger
12.87,12.312,14.473,charger
12.877,12.312,14.473,charger
12.871,12.312,14.473,charger
12.872,12.279,14.375,charger
12.885,12.295,14.403,charger
12.911,12.279,14.499,charger
12.873,12.312,14.499,charger
12.895,12.272,14.499,charger
12.887,12.272,14.499,charger
12.867,12.272,14.499,charger
12.869,12.272,14.499,charger
12.859,12.296,14.364,charger
12.89,12.302,14.359,charger
12.864,12.318,14.377,charger
12.873,12.318,14.377,charger
12.884,12.318,14.377,charger
12.87,12.293,14.377,charger
12.903,12.293,14.377,charger
12.868,12.305,14.412,charger
12.887,12.305,14.412,charger
12.879,12.305,14.412,charger
12.883,12.305,14.412,charger
12.869,12.303,14.412,charger
12.86,12.304,14.285,charger
12.877,12.282,14.453,charger
12.878,12.282,14.453,charger
12.872,12.282,14.453,charger
12.867,12.282,14.453,charger
12.881,12.404,14.119,charger
12.897,12.404,14.119,charger
12.883,12.397,14.102,charger
12.876,12.387,14.102,charger
12.887,12.409,14.102,charger
12.847,12.409,14.102,charger
12.874,12.409,14.102,charger
12.863,12.409,14.102,charger
12.891,12.392,15.226,charger
12.896,12.388,14.256,charger
12.885,12.416,14.188,charger
12.894,12.403,14.152,charger
12.857,12.377,14.152,charger
12.895,12.38,14.152,charger
12.863,12.38,14.152,charger
12.864,12.382,14.152,charger
12.882,12.382,14.152,charger
12.874,12.396,15.038,charger
12.857,12.39,14.073,charger
12.882,12.39,14.073,charger
12.893,12.397,14.073,charger
12.873,12.397,14.073,charger
12.885,12.404,14.056,charger
12.877,12.404,14.056,charger
12.895,12.405,14.056,charger
12.906,12.431,14.056,charger
12.873,12.423,13.94,charger
12.881,12.423,13.94,charger
12.901,12.385,14.13,charger
12.892,12.385,14.13,charger
12.909,12.428,14.144,charger
12.856,12.416,14.379,charger
12.876,12.371,14.333,charger
12.915,12.365,15.127,charger
12.901,12.365,15.127,charger
13.183,12.328,15.104,charger
13.186,12.31,15.104,charger
13.175,12.322,15.104,charger
13.189,12.313,15.104,charger
13.196,12.291,15.104,charger
13.174,12.298,14.63,charger
13.18,12.307,15.103,charger
13.219,12.333,15.288,charger
13.207,12.323,14.095,charger
13.154,12.294,13.949,charger
13.16,12.294,13.949,charger
13.163,12.308,13.949,charger
13.192,12.308,13.949,charger
13.151,12.308,13.949,charger
13.167,12.308,13.949,charger
13.167,12.3,13.599,charger
13.159,12.3,13.599,charger
13.166,12.309,13.547,charger
12.883,12.299,13.65,charger
12.835,12.395,13.516,charger
12.861,16.657,13.657,charger
12.856,16.696,13.581,charger
12.848,16.714,13.601,charger
12.611,16.714,13.601,charger
12.558,12.313,13.395,charger
12.563,12.323,13.494,charger
12.563,12.297,13.464,charger
12.581,12.297,13.464,charger
12.559,12.321,13.448,charger
12.567,12.288,13.509,charger
12.56,12.332,13.388,charger
12.922,12.239,14.057,charger
12.919,12.223,14.057,charger
12.871,12.232,14.05,charger
12.935,12.232,14.05,charger
12.886,12.232,14.05,charger
12.9,12.232,14.05,charger
12.907,12.232,14.05,charger
12.903,12.238,14.05,charger
12.906,12.213,14.05,charger
12.896,12.213,14.05,charger
12.904,12.213,14.05,charger
12.897,12.213,14.05,charger
12.862,12.213,14.05,charger
12.922,12.213,14.05,charger
12.902,12.213,14.05,charger
12.908,12.212,14.832,charger
12.969,12.27,14.641,charger
12.93,12.223,14.634,charger
12.913,12.223,14.634,charger
12.934,12.223,14.634,charger
12.929,12.223,14.634,charger
12.941,12.189,14.37,charger
12.909,12.189,14.37,charger
12.942,12.225,14.38,charger
12.943,12.236,14.188,charger
12.932,12.242,14.269,charger
12.924,12.257,14.269,charger
12.932,12.257,14.124,charger
12.948,12.247,14.124,charger
12.951,12.247,14.124,charger
12.951,12.277,14.124,charger
12.96,12.277,14.124,charger
12.958,12.25,14.082,charger
12.946,12.256,13.921,charger
12.962,12.273,13.921,charger
12.947,12.204,15.079,charger
12.94,12.251,15.03,charger
12.921,12.268,15.129,charger
12.937,12.249,15.189,charger
12.943,12.249,15.189,charger
12.951,12.249,15.189,charger
12.956,12.257,15.189,charger
12.939,12.242,15.189,charger
12.931,12.326,15.189,charger
12.945,12.308,13.874,charger
12.938,12.341,13.732,charger
12.914,12.361,13.913,charger
12.934,12.361,13.913,charger
12.966,12.333,14.094,charger
12.964,12.335,14.167,charger
12.953,12.335,14.167,charger
12.958,12.328,14.075,charger
12.95,12.328,14.075,charger
12.948,12.328,14.075,charger
12.929,12.328,14.075,charger
12.951,12.221,13.971,charger
12.949,12.247,13.971,charger
12.934,12.242,13.941,charger
12.956,12.234,14.011,charger
12.921,12.234,14.011,charger
12.937,12.234,14.011,charger
13.108,12.234,14.011,charger
13.094,12.234,14.011,charger
13.093,12.353,13.862,charger
13.084,12.383,13.862,charger
13.113,12.391,13.862,charger
13.075,12.341,13.862,charger
13.115,12.364,14.008,charger
13.088,12.346,13.899,charger
13.094,12.346,13.899,charger
13.078,12.346,13.899,charger
13.095,12.346,13.899,charger
13.094,12.336,13.899,charger
13.068,12.336,13.899,charger
13.103,12.336,13.899,charger
13.123,12.361,13.99,charger
13.136,12.411,13.99,charger
13.083,12.411,13.99,charger
13.108,12.327,13.949,charger
13.058,12.327,13.949,charger
13.053,12.327,13.949,charger
13.059,12.327,13.949,charger
13.058,20.646,13.884,charger
13.088,12.328,13.911,charger
13.09,12.328,13.911,charger
13.087,12.387,13.799,charger
13.093,12.387,13.799,charger
13.105,12.357,13.799,charger
13.106,12.374,13.831,charger
13.07,12.379,13.814,charger
13.384,12.379,13.814,charger
13.367,12.344,13.731,charger
13.38,12.333,13.831,charger
13.358,12.333,13.831,charger
13.382,12.27,13.831,charger
13.374,12.205,13.831,charger
13.37,12.201,13.763,charger
13.34,12.201,13.763,charger
13.373,12.223,13.763,charger
13.045,12.228,13.621,charger
13.016,12.227,13.806,charger
13.058,12.223,13.738,charger
13.036,12.223,13.738,charger
13.042,12.233,13.692,charger
13.056,12.217,13.75,charger
13.005,12.23,13.719,charger
12.905,12.357,14.003,charger
12.897,12.347,13.852,charger
12.892,12.367,13.852,charger
12.898,12.378,13.852,charger
12.89,12.349,13.875,charger
12.918,12.365,14.031,charger
12.864,12.359,13.996,charger
12.897,12.352,13.985,charger
12.886,12.375,13.985,charger
12.901,12.375,13.985,charger
12.909,12.375,13.985,charger
12.919,12.366,13.973,charger
12.924,12.363,14.008,charger
12.896,12.362,14.006,charger
12.896,12.346,13.998,charger
12.89,12.357,13.916,charger
12.884,12.372,14.021,charger
12.861,12.36,14.021,charger
12.866,12.345,14.021,charger
12.871,12.357,13.982,charger
12.88,12.367,13.932,charger
12.887,12.367,13.932,charger
12.902,12.369,14.054,charger
12.927,12.392,14.054,charger
12.9,12.386,14.146,charger
12.911,12.386,14.146,charger
12.904,12.386,14.146,charger
12.914,12.38,14.082,charger
12.913,12.38,14.082,charger
12.912,12.351,14.089,charger
12.904,12.339,14.003,charger
12.889,12.356,14.001,charger
12.94,12.367,14.001,charger
12.894,12.367,14.001,charger
12.946,12.359,14.057,charger
12.934,12.37,14.051,charger
12.932,12.391,14.034,charger
12.905,12.368,14.013,charger
12.911,12.368,14.013,charger
12.923,12.373,14.118,charger
12.932,12.373,14.118,charger
12.906,12.373,14.118,charger
12.921,12.389,14.118,charger
12.91,12.389,14.207,charger
12.946,12.389,14.207,charger
12.93,12.346,14.199,charger
12.911,12.346,14.199,charger
12.893,12.351,14.11,charger
12.932,12.37,14.11,charger
12.934,12.371,13.998,charger
12.913,12.342,13.998,charger
12.922,12.342,13.998,charger
12.931,12.342,13.998,charger
12.95,12.342,13.998,charger
12.925,12.387,14.049,charger
12.924,12.39,13.999,charger
12.922,12.362,13.999,charger
12.954,12.386,13.977,charger
12.946,12.43,14.196,charger
12.925,12.43,14.196,charger
12.975,12.406,13.933,charger
12.941,12.402,13.933,charger
12.956,12.361,13.933,charger
12.943,12.361,13.933,charger
12.929,12.409,13.933,charger
12.921,12.364,13.933,charger
12.905,12.364,13.933,charger
12.94,12.395,13.933,charger
12.965,12.395,13.933,charger
12.922,12.393,13.98,charger
12.952,12.404,13.815,charger
12.911,12.403,13.72,charger
12.932,12.381,13.72,charger
12.923,12.462,13.581,charger
12.939,12.471,13.523,charger
12.932,12.479,13.523,charger
12.957,12.462,13.527,charger
12.948,12.462,13.527,charger
12.985,12.462,13.527,charger
12.915,12.473,13.867,charger
12.955,12.458,13.867,charger
12.98,12.458,13.867,charger
12.976,12.377,13.729,charger
12.555,12.377,13.729,charger
12.57,12.378,13.729,charger
12.525,12.378,13.729,charger
12.554,12.389,13.792,charger
12.539,12.389,13.792,charger
12.553,12.344,13.796,charger
12.554,12.344,13.796,charger
12.563,12.344,13.796,charger
12.56,12.358,13.739,charger
12.542,12.366,13.739,charger
12.549,12.356,13.739,charger
12.588,12.364,13.955,charger
12.572,12.336,14.028,charger
12.575,12.345,14.028,charger
12.605,12.36,13.895,charger
12.556,12.362,13.972,charger
12.574,12.362,13.972,charger
12.557,12.352,13.972,charger
12.559,12.346,13.862,charger
12.524,12.38,13.862,charger
12.551,12.357,13.862,charger
12.557,12.38,13.924,charger
12.571,12.36,13.851,charger
12.582,12.353,13.969,charger
12.562,12.363,13.972,charger
12.557,12.398,13.914,charger
12.555,12.356,13.914,charger
12.567,12.356,13.914,charger
12.55,12.356,13.914,charger
12.574,12.356,13.914,charger
12.602,12.356,13.914,charger
12.577,12.337,13.914,charger
12.59,12.359,13.914,charger
12.55,12.359,13.914,charger
12.568,12.359,13.914,charger
12.592,12.359,13.914,charger
12.554,12.348,13.559,charger
12.555,12.348,13.559,charger
12.579,12.379,13.559,charger
12.536,12.378,13.577,charger
12.563,12.378,13.577,charger
12.565,12.372,13.698,charger
12.559,12.372,13.698,charger
12.589,12.372,13.698,charger
12.544,12.372,13.698,charger
12.56,12.34,13.545,charger
12.577,12.34,13.545,charger
12.562,12.34,13.489,charger
12.546,12.34,13.489,charger
12.543,12.34,13.489,charger
12.581,12.34,13.489,charger
12.572,12.353,13.503,charger
12.576,12.353,13.503,charger
12.522,12.373,13.503,charger
12.578,12.363,13.503,charger
12.542,12.405,13.503,charger
12.545,12.363,13.571,charger
12.571,12.391,13.5,charger
12.562,12.368,13.5,charger
0.218,0.22,9.933,cooktop
0.211,0.22,9.933,cooktop
0.507,0.222,9.626,cooktop
0.549,0.216,9.626,cooktop
0.525,0.216,9.626,cooktop
0.529,8.852,1.773,cooktop
6.274,8.777,1.773,cooktop
6.248,8.761,1.821,cooktop
6.246,8.758,1.942,cooktop
6.061,8.742,1.969,cooktop
0.525,8.742,1.969,cooktop
0.519,8.692,2.059,cooktop
0.519,8.737,1.946,cooktop
0.523,8.735,1.946,cooktop
0.521,8.735,1.946,cooktop
0.515,8.701,2.02,cooktop
0.526,8.745,2.02,cooktop
0.514,8.745,2.02,cooktop
0.523,8.754,1.963,cooktop
0.514,8.769,1.963,cooktop
0.521,8.769,1.963,cooktop
0.515,8.769,1.963,cooktop
0.519,8.737,1.956,cooktop
0.516,8.737,1.956,cooktop
0.518,8.707,1.956,cooktop
0.514,8.734,1.913,cooktop
0.522,8.768,1.902,cooktop
0.522,8.739,1.967,cooktop
0.521,8.739,1.967,cooktop
0.517,8.739,1.967,cooktop
0.516,8.78,1.967,cooktop
0.523,8.799,1.967,cooktop
0.523,8.752,2.299,cooktop
0.523,8.752,3.356,cooktop
0.511,8.666,3.356,cooktop
0.516,8.67,3.161,cooktop
0.521,8.677,3.161,cooktop
0.52,8.734,3.161,cooktop
0.517,8.722,3.161,cooktop
0.525,8.722,3.161,cooktop
0.515,8.722,3.161,cooktop
0.518,8.725,3.22,cooktop
1.15,8.727,3.22,cooktop
1.165,8.733,3.229,cooktop
1.165,8.739,3.229,cooktop
1.165,8.76,3.126,cooktop
1.169,8.76,3.126,cooktop
1.157,8.702,3.126,cooktop
1.157,8.714,3.126,cooktop
1.157,8.737,3.126,cooktop
1.165,8.758,2.996,cooktop
1.161,8.741,3.057,cooktop
1.153,8.74,2.969,cooktop
1.158,8.74,2.969,cooktop
1.157,8.703,2.969,cooktop
1.155,8.703,2.969,cooktop
1.151,8.703,2.969,cooktop
1.156,8.703,2.969,cooktop
1.142,8.703,2.969,cooktop
1.148,8.716,2.969,cooktop
1.151,8.716,2.969,cooktop
1.144,8.716,2.969,cooktop
1.145,8.73,1.811,cooktop
1.146,8.73,1.811,cooktop
1.145,8.715,2.315,cooktop
1.148,8.693,2.079,cooktop
1.142,8.682,2.127,cooktop
1.139,8.682,2.127,cooktop
1.145,8.682,2.127,cooktop
1.139,8.825,2.289,cooktop
1.144,8.844,2.289,cooktop
1.122,8.889,2.529,cooktop
1.115,8.97,2.529,cooktop
1.124,9.006,2.549,cooktop
1.124,8.997,2.519,cooktop
1.37,8.991,2.417,cooktop
1.378,9.006,2.44,cooktop
1.403,8.991,2.482,cooktop
1.401,8.967,2.482,cooktop
1.401,8.956,2.433,cooktop
1.419,8.956,2.433,cooktop
1.415,8.919,2.323,cooktop
1.422,8.907,2.486,cooktop
1.416,8.905,2.412,cooktop
1.411,8.844,2.412,cooktop
1.405,8.855,2.391,cooktop
1.413,8.845,2.384,cooktop
1.398,8.845,2.384,cooktop
1.57,8.883,2.248,cooktop
1.572,8.923,2.338,cooktop
1.575,8.9,2.371,cooktop
1.456,8.854,2.371,cooktop
1.42,8.858,2.331,cooktop
1.418,8.871,2.292,cooktop
1.406,8.871,2.292,cooktop
1.407,8.844,2.292,cooktop
1.417,8.904,2.304,cooktop
1.43,8.898,2.37,cooktop
1.417,8.937,2.246,cooktop
1.44,8.924,2.276,cooktop
1.437,8.924,2.276,cooktop
1.421,8.893,2.331,cooktop
1.416,8.906,2.265,cooktop
1.438,8.906,2.265,cooktop
1.456,8.971,2.313,cooktop
1.446,8.944,2.219,cooktop
1.45,8.903,2.219,cooktop
1.434,8.945,2.483,cooktop
1.457,8.945,2.483,cooktop
1.461,8.943,2.368,cooktop
1.464,8.947,2.368,cooktop
1.461,8.947,2.466,cooktop
1.454,8.928,2.482,cooktop
1.461,8.96,2.305,cooktop
1.451,8.962,2.305,cooktop
1.465,8.928,2.312,cooktop
1.472,8.946,2.312,cooktop
1.459,8.95,2.311,cooktop
1.464,8.95,2.311,cooktop
1.463,8.965,2.405,cooktop
1.449,8.983,2.405,cooktop
1.456,8.971,2.32,cooktop
1.468,8.941,2.386,cooktop
1.463,8.952,2.227,cooktop
1.46,8.952,2.227,cooktop
1.454,8.952,2.227,cooktop
1.47,8.926,2.219,cooktop
1.144,8.931,2.231,cooktop
1.145,8.951,2.231,cooktop
6.69,8.975,2.256,cooktop
6.94,8.975,2.256,cooktop
1.151,8.975,2.256,cooktop
1.467,8.975,2.256,cooktop
1.15,8.975,2.256,cooktop
1.139,8.964,2.287,cooktop
1.138,8.964,2.287,cooktop
1.143,8.967,2.287,cooktop
1.147,8.967,2.287,cooktop
1.145,8.967,2.287,cooktop
1.411,8.967,2.287,cooktop
1.408,8.967,2.287,cooktop
1.402,8.781,2.281,cooktop
1.411,8.756,2.168,cooktop
1.412,8.745,2.151,cooktop
1.417,8.738,2.237,cooktop
1.425,8.738,2.237,cooktop
1.419,8.738,2.237,cooktop
1.424,8.738,2.237,cooktop
1.423,8.727,2.262,cooktop
1.417,8.719,2.262,cooktop
1.42,8.719,2.262,cooktop
1.421,8.775,2.242,cooktop
1.422,8.782,2.242,cooktop
1.415,8.734,2.522,cooktop
1.42,8.734,2.522,cooktop
1.414,8.749,2.471,cooktop
1.426,8.732,2.471,cooktop
1.417,8.712,2.473,cooktop
1.421,8.747,2.875,cooktop
1.416,8.712,2.982,cooktop
1.419,8.717,2.885,cooktop
1.41,8.713,2.885,cooktop
3.062,8.713,2.885,cooktop
3.068,8.75,2.885,cooktop
1.666,0.249,6.047,cooktop
3.051,0.253,6.13,cooktop
3.05,0.248,6.13,cooktop
3.057,0.254,6.13,cooktop
6.763,0.248,4.975,cooktop
1.144,8.888,2.144,cooktop
1.141,8.86,2.144,cooktop
1.139,8.837,2.144,cooktop
1.135,8.794,2.144,cooktop
1.138,8.794,2.144,cooktop
1.141,8.856,2.249,cooktop
1.146,8.865,2.249,cooktop
1.153,8.866,1.906,cooktop
1.138,8.844,1.913,cooktop
1.149,8.844,1.913,cooktop
1.136,8.845,1.968,cooktop
1.142,8.845,1.967,cooktop
1.148,8.837,2.085,cooktop
1.159,8.871,2.05,cooktop
1.157,8.851,2.213,cooktop
1.154,8.693,2.094,cooktop
1.16,8.798,2.094,cooktop
1.15,8.79,2.094,cooktop
1.154,8.79,2.094,cooktop
1.157,8.79,2.094,cooktop
1.16,8.79,2.094,cooktop
1.157,8.673,2.425,cooktop
1.147,8.698,2.335,cooktop
1.138,8.646,2.2,cooktop
1.15,8.662,2.121,cooktop
1.136,8.647,2.121,cooktop
1.144,8.667,2.121,cooktop
1.15,8.696,2.195,cooktop
1.145,8.707,2.099,cooktop
1.143,8.707,2.099,cooktop
1.149,8.709,1.835,cooktop
1.135,8.676,1.878,cooktop
1.129,8.702,1.734,cooktop
1.136,8.703,1.79,cooktop
1.132,8.687,1.846,cooktop
1.139,8.691,1.852,cooktop
1.128,8.691,1.852,cooktop
1.118,8.644,1.943,cooktop
1.131,8.644,1.943,cooktop
1.128,8.658,1.845,cooktop
1.125,8.643,1.921,cooktop
1.125,8.643,1.674,cooktop
1.129,8.646,1.674,cooktop
1.129,8.646,1.731,cooktop
1.13,8.668,1.639,cooktop
1.132,8.676,1.701,cooktop
1.137,8.641,1.6,cooktop
1.125,8.627,1.609,cooktop
1.13,8.627,1.609,cooktop
1.133,8.66,1.639,cooktop
1.139,8.66,1.639,cooktop
1.132,8.664,1.639,cooktop
1.124,8.664,1.639,cooktop
1.126,8.609,1.789,cooktop
1.122,8.609,1.789,cooktop
1.122,8.593,1.789,cooktop
0.767,8.593,1.789,cooktop
0.755,8.593,1.789,cooktop
0.761,0.243,1.789,cooktop
0.759,0.244,1.775,cooktop
0.755,0.239,1.759,cooktop
0.759,0.239,1.759,cooktop
0.758,0.238,1.759,cooktop
0.762,0.239,1.768,cooktop
0.759,0.244,1.768,cooktop
0.764,0.239,1.935,cooktop
0.765,0.24,2.213,cooktop
0.762,0.24,2.213,cooktop
0.76,0.241,2.332,cooktop
0.76,0.24,2.148,cooktop
6.19,8.709,2.208,cooktop
0.752,8.597,2.337,cooktop
0.756,8.667,2.337,cooktop
1.109,8.667,2.337,cooktop
6.36,8.657,2.156,cooktop
6.375,8.617,1.966,cooktop
0.765,8.647,1.966,cooktop
0.754,8.606,2.079,cooktop
0.758,8.634,2.653,cooktop
0.761,8.634,2.653,cooktop
0.761,8.667,2.653,cooktop
0.759,8.731,2.568,cooktop
0.767,8.731,2.568,cooktop
0.756,8.669,2.48,cooktop
0.761,8.704,2.48,cooktop
0.766,8.704,2.48,cooktop
0.757,8.683,2.493,cooktop
0.765,8.683,2.493,cooktop
0.76,8.683,2.493,cooktop
0.756,8.717,2.493,cooktop
0.762,8.714,2.462,cooktop
0.763,8.714,2.462,cooktop
0.764,8.692,2.417,cooktop
0.763,8.692,2.417,cooktop
0.762,8.692,2.417,cooktop
0.755,8.692,2.417,cooktop
0.76,8.692,2.417,cooktop
0.756,8.692,2.417,cooktop
0.763,8.741,2.417,cooktop
12.676,0.243,2.25,cooktop
11.891,0.239,2.396,cooktop
0.311,0.241,2.371,cooktop
7.619,0.24,2.289,cooktop
0.3,0.24,2.289,cooktop
12.55,0.235,2.409,cooktop
12.633,0.237,2.29,cooktop
11.849,0.238,2.29,cooktop
0.407,0.248,2.29,cooktop
12.534,0.243,2.258,cooktop
7.522,0.242,2.239,cooktop
12.592,0.238,2.296,cooktop
7.545,0.24,2.296,cooktop
7.55,0.24,2.296,cooktop
0.404,0.24,2.296,cooktop
7.58,0.24,2.296,cooktop
0.403,0.245,2.296,cooktop
11.85,0.236,2.302,cooktop
12.54,0.238,2.406,cooktop
0.403,0.242,2.406,cooktop
0.396,0.24,2.392,cooktop
0.398,0.242,2.067,cooktop
12.616,0.242,2.067,cooktop
7.596,0.242,2.067,cooktop
12.574,0.234,2.093,cooktop
11.886,0.234,2.093,cooktop
12.589,0.234,2.093,cooktop
12.589,0.242,2.058,cooktop
0.406,0.242,2.158,cooktop
0.401,0.248,2.158,cooktop
0.399,0.248,2.158,cooktop
0.4,0.248,2.158,cooktop
0.397,0.242,2.381,cooktop
0.398,0.243,2.262,cooktop
0.396,0.246,1.848,cooktop
12.736,0.237,1.931,cooktop
12.021,0.237,1.931,cooktop
12.681,0.242,2,cooktop
0.398,0.243,1.847,cooktop
0.403,0.243,1.847,cooktop
0.398,0.249,2.033,cooktop
0.401,0.248,2.033,cooktop
0.405,0.248,2.033,cooktop
0.395,0.243,2.033,cooktop
0.39,0.243,2.033,cooktop
0.396,0.25,2.033,cooktop
7.692,0.25,2.033,cooktop
0.393,0.25,2.033,cooktop
0.23,0.241,2.219,cooktop
0.23,0.245,2.219,cooktop
0.234,0.244,2.29,cooktop
0.239,0.243,2.29,cooktop
0.236,0.247,2.259,cooktop
0.239,0.247,2.391,cooktop
0.239,0.244,2.391,cooktop
0.235,0.246,2.391,cooktop
0.234,0.241,2.114,cooktop
0.228,0.247,2.164,cooktop
0.232,0.246,2.327,cooktop
5.85,0.246,2.21,cooktop
0.637,0.243,2.288,cooktop
0.239,0.247,2.288,cooktop
6.041,0.244,1.897,cooktop
6.042,0.241,1.791,cooktop
6.048,0.247,1.779,cooktop
0.232,0.247,1.779,cooktop
0.238,0.241,1.982,cooktop
0.232,0.25,1.941,cooktop
0.237,0.247,1.95,cooktop
0.243,0.243,1.95,cooktop
0.233,0.247,2.037,cooktop
0.232,0.245,1.946,cooktop
0.236,0.245,1.946,cooktop
0.243,0.245,1.946,cooktop
0.225,0.245,1.946,cooktop
0.24,0.245,2.189,cooktop
0.237,0.247,2.205,cooktop
0.241,0.246,2.06,cooktop
0.238,0.243,2.205,cooktop
0.242,0.243,2.205,cooktop
0.55,0.247,2.017,cooktop
0.55,8.882,2.089,cooktop
0.547,8.868,2.031,cooktop
0.542,8.868,2.031,cooktop
0.543,8.8,2.036,cooktop
0.537,8.787,2.077,cooktop
0.544,8.726,2.077,cooktop
0.546,8.752,2.062,cooktop
0.544,8.731,2.038,cooktop
0.542,8.748,1.981,cooktop
0.538,8.77,2.059,cooktop
0.524,8.747,1.997,cooktop
0.53,8.761,2.129,cooktop
0.532,8.745,2.088,cooktop
0.541,8.75,1.987,cooktop
0.5,8.75,1.987,cooktop
0.527,8.733,2.291,cooktop
0.527,8.719,2.261,cooktop
0.521,8.719,2.261,cooktop
0.494,8.727,2.261,cooktop
0.522,8.708,2.261,cooktop
0.519,8.708,2.261,cooktop
0.527,8.733,2.229,cooktop
0.521,8.743,2.223,cooktop
0.518,8.743,2.223,cooktop
0.52,8.743,2.223,cooktop
0.516,8.68,2.184,cooktop
0.518,8.712,2.184,cooktop
0.517,8.706,2.282,cooktop
0.516,8.706,2.282,cooktop
0.521,8.688,2.105,cooktop
0.52,8.671,2.239,cooktop
0.519,8.671,2.239,cooktop
0.52,8.696,2.228,cooktop
0.524,8.658,2.228,cooktop
0.509,8.675,2.165,cooktop
0.521,8.739,2.239,cooktop
0.519,8.744,2.239,cooktop
0.524,8.744,2.239,cooktop
0.513,8.718,2.032,cooktop
0.52,8.718,2.032,cooktop
0.528,8.753,2.032,cooktop
0.519,8.753,2.032,cooktop
0.522,8.727,1.909,cooktop
0.514,8.736,1.869,cooktop
0.523,8.716,1.936,cooktop
0.519,8.735,1.99,cooktop
0.518,8.735,1.99,cooktop
0.517,8.688,1.99,cooktop
0.524,8.688,1.99,cooktop
0.518,8.717,2.03,cooktop
0.517,8.683,2.25,cooktop
0.521,8.695,2.249,cooktop
0.518,8.709,2.238,cooktop
0.523,8.688,2.15,cooktop
0.514,8.695,2.179,cooktop
0.517,8.728,2.179,cooktop
0.522,8.728,2.179,cooktop
0.519,8.705,2.233,cooktop
0.525,8.729,2.233,cooktop
0.516,8.736,2.151,cooktop
0.524,8.682,2.528,cooktop
0.511,8.739,2.549,cooktop
0.518,8.734,2.502,cooktop
0.514,8.751,2.462,cooktop
0.52,8.751,2.462,cooktop
0.512,8.741,2.462,cooktop
0.514,8.745,2.528,cooktop
0.523,8.745,2.528,cooktop
0.518,8.745,2.528,cooktop
0.519,8.695,2.528,cooktop
0.516,8.747,2.474,cooktop
0.52,8.747,2.474,cooktop
0.515,8.74,2.463,cooktop
0.517,8.744,2.545,cooktop
0.521,8.751,2.52,cooktop
0.519,8.751,2.52,cooktop
0.516,8.751,2.52,cooktop
0.522,8.757,2.506,cooktop
0.519,8.743,2.461,cooktop
0.525,8.751,2.443,cooktop
0.529,8.75,2.574,cooktop
0.523,8.757,2.574,cooktop
0.525,8.768,2.574,cooktop
0.52,8.766,2.482,cooktop
0.521,8.766,2.482,cooktop
0.523,8.772,2.482,cooktop
0.515,8.776,2.457,cooktop
0.518,8.772,2.493,cooktop
0.52,8.772,2.493,cooktop
0.522,8.754,2.451,cooktop
0.523,8.754,2.451,cooktop
0.522,8.725,2.358,cooktop
0.532,8.737,2.29,cooktop
0.522,8.73,2.281,cooktop
0.52,8.724,2.359,cooktop
0.519,8.7,2.359,cooktop
0.518,8.706,2.266,cooktop
0.517,8.706,2.266,cooktop
0.516,8.694,2.293,cooktop
0.513,8.684,2.293,cooktop
0.522,8.684,2.293,cooktop
0.522,8.76,2.293,cooktop
0.519,8.763,2.257,cooktop
0.518,8.765,2.257,cooktop
0.52,8.765,2.257,cooktop
0.53,8.749,2.257,cooktop
0.518,8.769,2.257,cooktop
0.516,8.752,2.254,cooktop
0.516,8.754,2.254,cooktop
0.522,8.754,2.254,cooktop
0.518,8.765,2.26,cooktop
0.515,8.765,2.26,cooktop
0.513,8.762,2.26,cooktop
0.525,8.794,2.087,cooktop
0.523,8.794,2.087,cooktop
0.515,8.78,2.213,cooktop
0.519,8.78,2.213,cooktop
0.525,8.78,2.213,cooktop
0.521,8.778,2.051,cooktop
0.527,8.786,2.124,cooktop
0.528,8.814,2.198,cooktop
0.516,8.806,2.198,cooktop
0.514,8.806,2.198,cooktop
0.521,8.789,2.316,cooktop
0.519,8.789,2.316,cooktop
0.514,8.762,2.316,cooktop
0.516,8.709,2.316,cooktop
0.516,8.688,2.4,cooktop
0.509,8.681,2.4,cooktop
0.52,8.753,2.455,cooktop
0.521,8.711,2.455,cooktop
0.517,8.708,2.455,cooktop
0.516,8.708,2.455,cooktop
0.522,8.741,2.656,cooktop
0.52,8.709,2.656,cooktop
0.514,8.687,2.451,cooktop
0.518,8.682,2.485,cooktop
0.519,8.682,2.485,cooktop
0.521,8.728,2.485,cooktop
0.521,8.689,2.409,cooktop
0.519,8.709,2.51,cooktop
0.522,8.69,2.51,cooktop
0.515,8.705,2.616,cooktop
0.507,8.702,2.412,cooktop
0.524,8.734,2.412,cooktop
0.524,8.695,2.344,cooktop
0.517,8.65,2.452,cooktop
0.517,8.707,2.366,cooktop
0.515,8.73,2.431,cooktop
0.529,8.73,2.431,cooktop
0.519,8.686,2.431,cooktop
0.528,8.734,3.511,cooktop
0.526,8.742,3.303,cooktop
0.524,8.742,3.303,cooktop
0.522,8.742,3.303,cooktop
0.515,8.731,3.39,cooktop
0.513,8.694,3.404,cooktop
0.516,8.663,3.404,cooktop
0.517,8.656,3.363,cooktop
0.521,8.696,3.363,cooktop
0.517,8.696,3.363,cooktop
0.521,8.69,3.348,cooktop
0.519,8.739,3.348,cooktop
0.52,8.73,3.364,cooktop
0.522,8.705,3.364,cooktop
0.523,8.729,3.421,cooktop
0.524,8.747,3.421,cooktop
0.521,8.746,3.421,cooktop
0.521,8.754,3.477,cooktop
0.523,8.733,3.461,cooktop
0.523,8.694,3.461,cooktop
0.519,8.732,3.461,cooktop
0.51,8.732,3.461,cooktop
0.518,8.732,3.461,cooktop
0.519,8.709,3.385,cooktop
0.52,8.732,3.359,cooktop
0.513,8.76,3.359,cooktop
0.511,8.76,3.359,cooktop
0.517,8.76,3.359,cooktop
0.518,8.76,3.359,cooktop
0.511,8.742,3.359,cooktop
0.512,8.727,3.359,cooktop
0.505,8.727,3.359,cooktop
0.52,8.691,2.225,cooktop
0.521,8.697,2.221,cooktop
0.523,8.697,2.221,cooktop
0.525,8.705,2.221,cooktop
0.512,8.699,2.369,cooktop
0.519,8.688,2.369,cooktop
0.517,8.692,2.369,cooktop
0.513,8.692,2.369,cooktop
0.516,8.645,2.227,cooktop
0.526,8.681,2.227,cooktop
0.515,8.668,2.227,cooktop
0.512,8.662,2.604,cooktop
0.513,8.642,2.604,cooktop
0.514,8.646,2.669,cooktop
0.515,8.647,2.669,cooktop
0.511,8.665,2.532,cooktop
0.516,8.647,2.446,cooktop
0.512,8.659,2.465,cooktop
0.508,8.608,2.465,cooktop
0.52,8.554,2.465,cooktop
0.514,8.619,2.614,cooktop
0.51,8.628,2.582,cooktop
0.513,8.631,2.487,cooktop
0.52,8.647,2.56,cooktop
0.519,8.647,2.56,cooktop
0.512,8.665,2.533,cooktop
0.51,8.665,2.533,cooktop
0.516,8.659,2.524,cooktop
0.518,8.659,2.524,cooktop
0.519,8.666,2.509,cooktop
0.509,8.608,2.744,cooktop
0.518,8.608,2.744,cooktop
0.518,8.64,2.744,cooktop
0.517,8.642,2.744,cooktop
0.514,8.642,2.744,cooktop
0.517,8.62,2.744,cooktop
0.526,8.62,2.744,cooktop
0.518,8.631,2.798,cooktop
0.512,8.606,2.734,cooktop
0.512,8.632,2.734,cooktop
0.525,8.652,2.757,cooktop
0.514,8.639,2.757,cooktop
0.52,8.645,2.708,cooktop
0.523,8.636,2.708,cooktop
0.508,8.691,2.833,cooktop
0.506,8.665,2.685,cooktop
0.502,8.666,2.6,cooktop
0.501,8.666,2.6,cooktop
0.504,8.676,2.6,cooktop
0.493,8.662,2.376,cooktop
0.504,8.662,2.376,cooktop
0.504,0.216,2.376,cooktop
0.503,0.22,2.376,cooktop
0.506,0.218,2.472,cooktop
0.504,0.218,2.467,cooktop
0.497,0.218,2.467,cooktop
0.495,0.218,2.467,cooktop
0.502,0.225,2.495,cooktop
0.506,0.225,2.495,cooktop
0.495,0.222,2.429,cooktop
0.211,0.222,2.436,cooktop
0.223,0.218,2.636,cooktop
0.218,0.225,2.636,cooktop
0.213,0.217,2.636,cooktop
0.219,0.218,2.517,cooktop
0.213,0.218,2.517,cooktop
0.209,0.22,2.437,cooktop
0.211,0.22,2.437,cooktop
0.214,0.22,2.202,cooktop
0.215,0.221,2.333,cooktop
0.215,0.224,2.122,cooktop
1.048,0.218,2.105,cooktop
5.935,0.213,2.105,cooktop
5.74,0.22,2.276,cooktop
0.217,0.224,2.276,cooktop
0.214,0.223,2.166,cooktop
0.219,0.225,2.166,cooktop
0.212,0.219,2.166,cooktop
0.215,0.222,2.425,cooktop
0.213,0.222,2.425,cooktop
0.208,0.223,2.425,cooktop
0.218,0.217,2.465,cooktop
0.218,0.223,2.591,cooktop
0.212,0.222,2.459,cooktop
0.215,0.217,2.459,cooktop
0.214,0.222,2.408,cooktop
0.215,0.221,2.461,cooktop
0.218,0.221,2.461,cooktop
0.216,0.224,2.482,cooktop
0.222,0.22,2.542,cooktop
0.216,0.218,2.438,cooktop
0.217,0.219,2.419,cooktop
0.213,0.224,2.446,cooktop
0.215,0.216,2.519,cooktop
0.214,0.224,2.519,cooktop
0.217,0.222,2.415,cooktop
0.217,0.222,2.436,cooktop
0.219,0.218,2.422,cooktop
0.219,0.216,2.375,cooktop
0.22,0.219,2.449,cooktop
0.224,0.219,2.449,cooktop
0.221,0.217,2.449,cooktop
0.223,0.217,2.449,cooktop
0.221,0.215,2.357,cooktop
0.222,0.222,2.357,cooktop
5.924,0.219,2.38,cooktop
0.223,0.217,2.421,cooktop
0.218,0.222,2.421,cooktop
0.212,0.222,2.421,cooktop
0.218,0.222,2.478,cooktop
0.223,0.217,2.348,cooktop
0.214,0.222,2.348,cooktop
0.223,0.216,2.472,cooktop
0.221,0.224,2.362,cooktop
0.217,0.224,2.362,cooktop
0.227,0.224,2.362,cooktop
0.224,0.216,2.362,cooktop
0.218,0.217,2.498,cooktop
0.218,0.221,2.419,cooktop
0.216,0.221,2.419,cooktop
0.212,0.221,2.419,cooktop
0.21,0.22,2.344,cooktop
0.216,0.22,2.344,cooktop
0.213,0.224,2.376,cooktop
0.209,0.224,2.376,cooktop
0.219,0.222,2.269,cooktop
0.217,0.225,2.269,cooktop
0.219,0.225,2.269,cooktop
0.213,0.22,2.446,cooktop
0.204,0.224,9.923,cooktop
0.236,0.221,9.923,cooktop
0.234,0.221,9.923,cooktop
0.23,0.22,2.15,cooktop
0.224,0.22,2.15,cooktop
0.241,0.222,2.123,cooktop
0.225,0.222,2.123,cooktop
0.235,0.222,2.123,cooktop
0.234,0.222,2.123,cooktop
0.234,0.217,2.146,cooktop
0.241,0.217,2.111,cooktop
0.232,0.22,2.259,cooktop
0.234,0.22,2.259,cooktop
0.234,0.218,2.156,cooktop
0.241,0.218,2.156,cooktop
0.235,0.222,2.156,cooktop
0.24,0.222,2.156,cooktop
0.235,0.221,2.156,cooktop
0.229,0.219,2.482,cooktop
0.239,0.219,2.399,cooktop
0.227,0.223,2.456,cooktop
0.238,0.223,2.456,cooktop
0.229,0.218,2.456,cooktop
0.23,0.218,2.456,cooktop
0.241,0.222,2.417,cooktop
0.242,0.216,2.42,cooktop
0.227,0.216,2.42,cooktop
0.235,0.217,2.425,cooktop
0.225,0.221,2.529,cooktop
0.237,0.222,2.526,cooktop
0.237,0.216,2.508,cooktop
0.23,0.22,2.508,cooktop
0.242,0.22,2.508,cooktop
0.239,0.219,2.508,cooktop
0.237,0.219,2.508,cooktop
0.241,0.216,2.55,cooktop
0.23,0.216,2.288,cooktop
0.229,0.222,2.288,cooktop
0.236,0.222,2.459,cooktop
0.232,0.22,2.462,cooktop
0.233,0.223,2.546,cooktop
0.225,0.223,2.546,cooktop
0.241,0.22,2.546,cooktop
0.239,0.216,2.278,cooktop
0.228,0.222,2.427,cooktop
0.231,0.22,2.277,cooktop
1.968,0.218,2.335,cooktop
8.048,0.207,2.335,cooktop
1.966,0.207,2.335,cooktop
8.054,0.219,2.335,cooktop
8.054,0.219,2.262,cooktop
3.928,0.209,2.294,cooktop
3.939,0.211,2.307,cooktop
3.942,0.211,2.307,cooktop
11.898,0.236,2.35,cooktop
4.785,0.226,2.443,cooktop
0.402,0.236,2.322,cooktop
0.407,0.233,2.322,cooktop
0.403,0.233,2.322,cooktop
0.405,0.234,2.314,cooktop
0.41,0.226,2.276,cooktop
0.396,0.233,2.276,cooktop
0.404,0.235,2.277,cooktop
0.393,0.233,2.587,cooktop
11.943,0.23,2.598,cooktop
11.818,0.23,2.598,cooktop
4.784,0.233,2.562,cooktop
0.402,0.234,2.523,cooktop
0.397,0.229,2.357,cooktop
0.407,0.233,2.357,cooktop
11.75,0.226,2.357,cooktop
4.781,0.226,2.357,cooktop
0.392,0.232,2.508,cooktop
0.384,0.232,2.508,cooktop
0.399,0.232,2.48,cooktop
0.388,0.232,2.48,cooktop
0.395,0.232,2.48,cooktop
0.404,0.235,2.479,cooktop
0.393,0.236,2.479,cooktop
0.387,0.231,2.519,cooktop
11.933,0.227,2.464,cooktop
11.864,0.23,2.55,cooktop
0.404,0.23,2.55,cooktop
0.4,0.23,2.55,cooktop
0.398,0.23,2.55,cooktop
0.398,0.23,2.488,cooktop
0.4,0.23,2.488,cooktop
11.967,0.23,2.488,cooktop
0.395,0.232,2.488,cooktop
0.389,0.236,2.494,cooktop
4.781,0.229,2.61,cooktop
0.399,0.229,2.381,cooktop
11.84,0.229,2.381,cooktop
0.404,0.227,2.512,cooktop
0.413,0.227,2.512,cooktop
0.394,0.234,2.4,cooktop
0.396,0.236,2.493,cooktop
0.406,0.231,2.413,cooktop
0.401,0.234,2.888,cooktop
0.391,0.228,2.767,cooktop
11.906,0.264,2.767,cooktop
0.401,0.233,2.956,cooktop
0.396,0.228,2.825,cooktop
11.99,0.228,2.606,cooktop
4.81,0.227,2.701,cooktop
0.397,0.23,2.701,cooktop
12.01,0.225,2.701,cooktop
11.943,0.228,2.619,cooktop
0.39,0.236,2.502,cooktop
0.392,0.235,2.563,cooktop
4.753,0.235,2.563,cooktop
4.73,0.235,2.563,cooktop
11.942,0.231,2.563,cooktop
0.39,0.229,2.445,cooktop
0.402,0.229,2.445,cooktop
0.393,0.237,2.546,cooktop
0.4,0.236,2.607,cooktop
0.404,0.237,2.511,cooktop
0.398,0.23,2.537,cooktop
12.086,0.23,2.537,cooktop
0.395,0.232,2.881,cooktop
0.397,0.232,2.881,cooktop
11.965,0.232,2.881,cooktop
11.869,0.226,2.777,cooktop
0.223,0.316,1.791,none
0.221,0.318,1.835,none
0.227,0.231,1.835,none
0.22,0.231,1.727,none
0.219,0.226,1.711,none
0.217,0.226,1.733,none
0.219,0.226,1.733,none
0.216,0.221,1.798,none
0.217,0.221,1.798,none
0.218,0.224,1.638,none
0.25,0.224,1.631,none
0.219,0.223,1.631,none
0.216,0.223,1.631,none
0.217,0.223,1.631,none
0.221,0.219,1.631,none
0.215,0.226,1.631,none
0.216,0.221,1.631,none
0.212,0.221,1.631,none
0.212,0.224,1.673,none
0.218,0.227,1.636,none
0.211,0.227,1.636,none
0.217,0.222,1.657,none
0.211,0.22,1.715,none
0.216,0.223,1.683,none
0.216,0.225,1.683,none
0.221,0.225,1.609,none
0.216,0.225,1.609,none
0.22,0.225,1.609,none
0.211,0.222,1.609,none
0.217,0.22,1.609,none
0.219,0.22,1.58,none
0.218,0.22,1.58,none
0.219,0.219,1.616,none
0.212,0.219,1.566,none
0.216,0.219,1.566,none
0.218,0.22,1.655,none
0.213,0.226,1.655,none
0.211,0.223,1.449,none
0.216,0.223,1.449,none
0.215,0.222,1.449,none
0.216,0.222,1.449,none
0.219,0.222,1.449,none
0.217,0.222,1.449,none
0.213,0.222,1.449,none
0.215,0.225,1.449,none
0.219,0.22,1.488,none
0.216,0.226,1.442,none
0.215,0.226,1.442,none
0.219,0.228,1.453,none
0.218,0.228,1.453,none
0.219,0.222,1.45,none
0.219,0.221,1.45,none
0.218,0.224,1.45,none
0.217,0.224,1.45,none
0.221,0.223,1.45,none
0.214,0.223,1.45,none
0.213,0.226,1.467,none
0.218,0.226,1.467,none
0.215,0.226,1.467,none
0.215,0.222,1.621,none
0.221,0.222,1.621,none
0.213,0.223,1.621,none
0.212,0.226,1.564,none
0.212,0.225,1.521,none
0.213,0.225,1.521,none
0.213,0.225,1.58,none
0.218,0.225,1.58,none
0.217,0.225,1.58,none
0.211,0.225,1.58,none
0.213,0.219,1.579,none
0.218,0.219,1.579,none
0.211,0.219,1.579,none
0.217,0.225,1.574,none
0.217,0.224,1.574,none
0.211,0.226,1.574,none
0.221,0.221,1.586,none
0.217,0.221,1.586,none
0.22,0.221,1.65,none
0.213,0.223,1.634,none
0.217,0.226,1.577,none
0.214,0.226,1.577,none
0.213,0.226,1.577,none
0.22,0.225,1.655,none
0.216,0.225,1.564,none
0.219,0.225,1.564,none
0.217,0.223,1.534,none
0.22,0.224,1.534,none
0.211,0.224,1.534,none
0.214,0.224,1.534,none
0.217,0.224,1.632,none
0.212,0.224,1.632,none
0.218,0.224,1.632,none
0.22,0.224,1.632,none
0.212,0.227,1.768,none
0.216,0.228,1.679,none
0.217,0.228,1.679,none
0.213,0.228,1.679,none
0.222,0.228,1.679,none
0.215,0.221,1.679,none
0.214,0.223,1.679,none
0.211,0.222,1.679,none
0.218,0.228,1.74,none
0.244,0.222,1.684,none
0.213,0.221,1.805,none
0.217,0.221,1.805,none
0.22,0.228,1.705,none
0.213,0.228,1.705,none
0.217,0.222,1.705,none
0.212,0.226,1.705,none
0.214,0.226,1.705,none
0.215,0.226,1.705,none
0.215,0.223,1.705,none
0.221,0.223,1.705,none
0.213,0.226,1.765,none
0.211,0.226,1.765,none
0.211,0.223,1.704,none
0.215,0.223,1.704,none
0.212,0.226,1.704,none
0.219,0.226,1.704,none
0.215,0.219,1.709,none
0.218,0.223,1.709,none
0.219,0.222,1.709,none
0.218,0.222,1.704,none
0.214,0.221,1.704,none
0.218,0.22,1.704,none
0.217,0.222,1.704,none
0.219,0.222,1.704,none
0.22,0.222,1.704,none
0.217,0.225,1.704,none
0.212,0.225,1.704,none
0.214,0.225,1.704,none
0.219,0.225,1.704,none
0.213,0.225,1.704,none
0.219,0.223,1.704,none
0.215,0.219,1.702,none
0.214,0.224,1.707,none
0.213,0.224,1.707,none
0.217,0.22,1.817,none
0.216,0.22,1.817,none
0.215,0.221,1.817,none
0.22,0.221,1.694,none
0.218,0.222,1.694,none
0.213,0.222,1.694,none
0.253,0.223,1.694,none
0.246,0.223,1.694,none
0.257,0.221,1.714,none
0.258,0.222,1.694,none
0.251,0.222,1.694,none
0.251,0.223,1.668,none
0.263,0.223,1.668,none
0.249,0.223,1.668,none
0.248,0.226,1.668,none
0.252,0.221,1.799,none
0.246,0.221,1.799,none
0.25,0.221,1.785,none
0.247,0.22,1.785,none
0.256,0.226,1.785,none
0.261,0.226,1.785,none
0.25,0.22,1.785,none
0.257,0.22,1.785,none
0.254,0.219,1.785,none
0.254,0.221,2.125,none
0.253,0.221,2.125,none
0.247,0.226,1.903,none
0.258,0.226,1.903,none
0.262,0.226,1.903,none
0.254,0.224,1.903,none
0.257,0.22,1.903,none
0.258,0.226,2.559,none
0.263,0.222,3.154,none
0.261,0.225,2.226,none
0.263,0.218,2.226,none
0.263,0.219,2.226,none
0.257,0.224,2.47,none
0.258,0.224,2.47,none
0.26,0.218,2.47,none
0.254,0.225,2.262,none
0.257,0.226,2.198,none
0.252,0.218,2.198,none
0.258,0.219,2.488,none
0.257,0.219,2.488,none
0.256,0.219,2.488,none
0.255,0.219,2.488,none
0.262,0.217,2.488,none
0.259,0.224,2.488,none
0.256,0.218,2.356,none
0.252,0.221,2.356,none
0.25,0.221,2.356,none
0.256,0.221,2.356,none
0.259,0.221,2.356,none
0.253,0.216,2.352,none
0.261,0.216,2.352,none
0.258,0.22,2.392,none
0.264,0.22,2.392,none
0.266,0.22,2.392,none
0.268,0.216,2.391,none
0.265,0.216,2.391,none
0.254,0.216,2.391,none
0.256,0.221,2.469,none
0.252,0.221,2.469,none
0.262,0.221,2.469,none
0.257,0.221,2.469,none
0.265,0.221,2.469,none
0.265,0.218,2.469,none
0.262,0.22,2.259,none
0.262,0.218,2.588,none
0.268,0.218,2.588,none
0.254,0.221,2.502,none
0.252,0.221,2.502,none
0.256,0.221,2.502,none
0.254,0.225,2.599,none
0.263,0.225,2.599,none
0.265,0.223,2.599,none
0.254,0.223,2.599,none
0.255,0.22,2.599,none
0.261,0.217,2.599,none
0.254,0.221,2.599,none
0.271,0.221,2.599,none
0.256,0.221,2.599,none
0.264,0.214,2.599,none
0.265,0.217,2.646,none
0.261,0.217,2.646,none
0.252,0.217,2.646,none
0.264,0.217,2.646,none
0.257,0.224,2.646,none
0.263,0.224,2.367,none
0.262,0.224,2.367,none
0.258,0.223,2.329,none
0.267,0.223,2.329,none
0.268,0.223,2.329,none
0.256,0.223,2.329,none
0.262,0.215,2.359,none
0.262,0.217,2.359,none
0.26,0.217,2.401,none
0.263,0.219,2.401,none
0.258,0.216,2.401,none
0.252,0.216,2.401,none
0.266,0.215,2.401,none
0.259,0.215,2.401,none
0.264,0.215,2.401,none
0.255,0.216,2.193,none
0.259,0.221,2.089,none
0.261,0.217,2.131,none
0.263,0.217,2.131,none
0.272,0.22,2.076,none
0.258,0.22,2.076,none
0.26,0.216,2.076,none
0.266,0.216,2.21,none
0.264,0.222,2.186,none
0.262,0.222,2.186,none
0.266,0.216,2.139,none
0.262,0.216,2.139,none
0.269,0.215,2.283,none
0.257,0.215,2.283,none
0.264,0.22,2.283,none
0.26,0.22,2.283,none
0.259,0.22,2.283,none
0.267,0.282,2.283,none
0.262,0.217,2.283,none
0.271,0.214,1.93,none
0.263,0.214,1.93,none
0.236,0.216,1.919,none
0.24,0.216,1.919,none
0.233,0.215,1.919,none
0.241,0.223,1.98,none
0.24,0.22,1.98,none
0.23,0.217,2.085,none
0.237,0.214,2.085,none
0.236,0.214,2.085,none
0.238,0.222,1.909,none
0.241,0.219,1.677,none
0.234,0.221,2.186,none
0.233,0.221,2.186,none
0.238,0.221,2.186,none
0.24,0.217,2.138,none
0.235,0.215,2.163,none
0.239,0.215,2.163,none
0.24,0.215,2.163,none
0.234,0.223,2.309,none
0.325,0.221,2.454,none
0.239,0.221,2.454,none
0.229,0.221,2.454,none
0.775,0.23,2.576,none
0.774,0.231,2.444,none
0.768,0.231,2.444,none
0.765,0.234,2.467,none
0.759,0.233,2.467,none
0.777,0.232,2.559,none
0.772,0.229,2.497,none
0.775,0.235,2.419,none
0.773,0.232,2.466,none
0.773,0.232,2.455,none
0.771,0.229,2.455,none
0.785,0.231,2.453,none
0.776,0.231,2.453,none
0.778,0.236,2.433,none
0.777,0.236,2.433,none
0.771,0.236,2.433,none
0.772,0.236,2.433,none
0.779,0.231,2.49,none
0.775,0.234,2.441,none
0.768,0.236,2.441,none
0.78,0.232,2.441,none
0.77,0.228,2.335,none
0.769,0.236,2.316,none
0.77,0.236,2.439,none
0.775,0.234,2.439,none
0.768,0.232,2.318,none
0.769,0.232,2.318,none
0.764,0.232,2.221,none
0.765,0.235,2.248,none
0.756,0.23,2.217,none
0.763,0.236,2.249,none
0.774,0.232,2.278,none
0.771,0.235,2.239,none
0.769,0.235,2.239,none
0.761,0.235,2.239,none
0.759,0.229,2.76,none
0.76,0.232,2.76,none
0.765,0.233,2.545,none
0.771,0.236,2.496,none
0.769,0.229,2.5,none
0.782,0.229,2.441,none
0.768,0.235,2.467,none
0.769,0.231,2.545,none
0.761,0.231,2.545,none
0.764,0.23,2.403,none
0.756,0.236,2.451,none
0.757,0.233,2.497,none
0.768,0.233,2.497,none
0.762,0.233,2.392,none
0.766,0.234,2.392,none
0.761,0.237,2.366,none
0.764,0.234,2.349,none
0.763,0.234,2.349,none
0.764,0.235,2.521,none
0.767,0.232,2.521,none
0.764,0.234,2.521,none
0.762,0.234,2.521,none
0.771,0.234,2.521,none
0.77,0.232,2.428,none
0.765,0.236,2.428,none
0.766,0.231,2.396,none
0.779,0.233,2.396,none
0.776,0.233,2.396,none
0.769,0.233,2.404,none
0.767,0.234,2.404,none
0.769,0.234,2.409,none
0.773,0.231,2.468,none
0.773,0.233,2.468,none
0.773,0.23,2.487,none
0.761,0.233,2.348,none
0.77,0.235,2.412,none
0.759,0.231,2.412,none
0.773,0.229,2.412,none
0.767,0.236,2.417,none
0.769,0.236,2.417,none
0.766,0.231,2.394,none
0.773,0.231,2.394,none
0.774,0.231,2.408,none
0.766,0.231,2.318,none
0.775,0.234,2.334,none
0.772,0.233,2.398,none
0.774,0.236,2.398,none
0.774,0.23,2.337,none
0.771,0.229,2.337,none
0.776,0.229,2.337,none
0.767,0.229,2.464,none
0.767,0.231,2.358,none
0.768,0.234,2.307,none
0.77,0.236,2.392,none
0.769,0.235,2.495,none
0.768,0.229,2.363,none
0.769,0.229,2.363,none
0.765,0.229,2.363,none
0.772,0.23,2.301,none
0.772,0.234,2.497,none
0.775,0.237,2.364,none
0.775,0.233,2.466,none
0.764,0.237,2.466,none
0.774,0.237,2.466,none
0.773,0.233,2.359,none
0.771,0.234,2.416,none
0.775,0.234,2.416,none
0.776,0.234,2.535,none
0.778,0.234,2.463,none
0.774,0.236,2.463,none
0.771,0.229,2.463,none
0.774,0.231,2.336,none
0.779,0.229,2.469,none
0.763,0.237,2.413,none
0.768,0.231,2.413,none
0.767,0.236,2.401,none
0.773,0.235,2.401,none
0.766,0.235,2.401,none
0.775,0.229,2.536,none
0.761,0.234,2.383,none
0.77,0.237,2.383,none
0.76,0.236,2.36,none
0.762,0.236,2.36,none
0.759,0.231,2.429,none
0.762,0.231,2.429,none
0.765,0.234,2.429,none
0.768,0.234,2.429,none
0.755,0.236,2.452,none
0.771,0.23,2.484,none
0.771,0.23,2.521,none
0.767,0.23,2.521,none
0.779,0.238,2.521,none
0.777,0.238,2.521,none
0.772,0.233,2.521,none
0.762,0.236,2.501,none
0.775,0.233,2.501,none
0.76,0.231,2.431,none
0.776,0.23,2.431,none
0.776,0.237,2.41,none
0.771,0.232,2.503,none
0.776,0.229,2.371,none
0.767,0.236,2.512,none
0.771,0.237,2.491,none
0.778,0.229,2.37,none
0.772,0.231,2.418,none
0.77,0.229,2.467,none
0.769,0.229,2.467,none
0.762,0.231,2.478,none
0.764,0.236,2.375,none
0.761,0.234,2.438,none
0.751,0.235,2.438,none
0.762,0.229,2.438,none
0.769,0.237,2.438,none
0.761,0.232,2.438,none
0.76,0.236,2.469,none
0.765,0.233,2.432,none
0.782,0.233,2.432,none
0.769,0.233,2.432,none
0.781,0.236,2.39,none
0.773,0.234,2.388,none
0.773,0.237,2.448,none
0.777,0.235,2.34,none
0.769,0.232,2.34,none
0.775,0.233,2.392,none
0.776,0.235,2.392,none
0.77,0.235,2.392,none
0.771,0.233,2.376,none
0.765,0.237,2.442,none
0.767,0.241,2.509,none
0.765,0.241,2.509,none
0.772,0.238,2.336,none
0.771,0.238,2.336,none
0.781,0.236,2.336,none
0.765,0.232,2.428,none
0.781,0.234,2.306,none
0.771,0.234,2.306,none
0.769,0.231,2.189,none
0.774,0.235,2.285,none
0.771,0.236,2.246,none
0.771,0.237,2.074,none
0.773,0.237,2.074,none
0.77,0.237,2.074,none
0.777,0.236,2.023,none
0.772,0.236,2.023,none
0.768,0.231,2.023,none
0.763,0.232,2.331,none
0.765,0.234,2.334,none
0.773,0.234,2.334,none
0.769,0.23,2.312,none
0.955,0.232,2.396,none
0.807,0.233,2.396,none
0.803,0.231,2.396,none
0.806,0.231,2.396,none
0.765,0.23,2.202,none
0.771,0.237,2.164,none
0.788,0.234,2.176,none
0.788,0.229,2.176,none
0.776,0.271,2.261,none
0.783,0.273,2.028,none
0.784,0.273,2.028,none
1,0.233,1.986,none
0.785,0.233,1.986,none
0.788,0.233,1.986,none
0.78,0.236,1.977,none
0.783,0.233,1.958,none
0.781,0.234,2.035,none
0.785,0.234,2.035,none
0.791,0.232,2.035,none
0.787,0.237,2.004,none
0.787,0.23,2.112,none
0.787,0.235,1.988,none
0.785,0.235,1.988,none
0.789,0.234,2.031,none
0.795,0.232,2.017,none
0.789,0.232,2.017,none
0.788,0.232,2.017,none
0.789,0.237,2.007,none
0.789,0.23,1.947,none
0.794,0.232,1.947,none
0.788,0.23,1.947,none
0.799,0.23,2.041,none
0.787,0.23,2.041,none
0.8,0.236,2.041,none
0.793,0.234,1.978,none
0.796,0.234,1.978,none
0.796,0.235,2.094,none
0.808,0.236,2.094,none
0.813,0.234,2.108,none
0.796,0.235,2.032,none
0.804,0.238,2.017,none
0.805,0.234,2.037,none
0.798,0.238,2.088,none
0.814,0.231,2.022,none
0.81,0.232,2.068,none
0.802,0.232,2.068,none
0.805,0.232,2.068,none
0.804,0.232,2.068,none
0.798,0.232,2.068,none
0.803,0.233,1.99,none
0.796,0.231,1.926,none
0.804,0.231,1.926,none
0.803,0.231,1.926,none
0.806,0.238,2.007,none
0.8,0.233,2.007,none
0.809,0.238,1.928,none
0.809,0.235,1.98,none
0.806,0.235,1.98,none
0.802,0.235,1.98,none
0.789,0.235,1.98,none
0.79,0.234,1.907,none
0.787,0.233,1.885,none
0.79,0.237,1.881,none
0.794,0.234,1.885,none
0.793,0.233,1.884,none
0.784,0.235,1.885,none
0.787,0.235,1.885,none
0.79,0.234,1.9,none
0.788,0.234,1.9,none
0.782,0.233,1.985,none
0.784,0.237,1.876,none
0.78,0.23,1.864,none
0.784,0.234,1.802,none
0.779,0.234,1.902,none
0.785,0.234,1.902,none
0.792,0.234,1.902,none
0.795,0.234,1.902,none
0.786,0.236,1.92,none
0.794,0.233,1.92,none
0.793,0.232,1.977,none
0.787,0.236,1.977,none
0.797,0.236,2.044,none
0.787,0.233,2.044,none
0.784,0.234,1.956,none
0.783,0.231,1.933,none
0.783,0.238,1.933,none
0.789,0.238,2.132,none
0.781,0.232,2.149,none
0.781,0.232,2.067,none
0.778,0.232,2.067,none
0.78,0.239,2.063,none
0.784,0.233,1.98,none
0.785,0.231,1.983,none
0.777,0.235,2.005,none
0.786,0.236,2.007,none
0.783,0.23,1.985,none
0.781,0.233,1.988,none
0.777,0.234,2.046,none
0.772,0.235,2.01,none
0.788,0.235,2.01,none
0.782,0.237,1.988,none
0.777,0.231,1.883,none
0.794,0.233,1.939,none
0.778,0.235,1.964,none
0.784,0.236,1.997,none
0.78,0.233,1.949,none
0.787,0.231,1.949,none
0.792,0.234,1.905,none
0.791,0.238,2.075,none
0.794,0.231,1.968,none
0.795,0.231,1.968,none
0.787,0.234,1.981,none
0.793,0.232,2.021,none
0.797,0.237,2.021,none
0.791,0.237,2.021,none
0.783,0.231,2.021,none
0.779,0.239,1.953,none
0.785,0.237,1.912,none
0.779,0.237,1.912,none
0.786,0.239,1.912,none
0.784,0.232,1.912,none
0.793,0.236,1.861,none
0.778,0.236,1.819,none
0.777,0.233,1.764,none
0.78,0.233,1.764,none
0.789,0.233,1.764,none
0.78,0.237,1.667,none
0.784,0.231,1.843,none
0.792,0.233,1.879,none
0.778,0.233,1.879,none
0.787,0.236,2.218,none
0.783,0.232,2.248,none
0.787,0.232,2.271,none
0.78,0.232,2.271,none
0.78,0.23,2.185,none
0.787,0.237,2.185,none
0.781,0.234,2.138,none
0.778,0.236,2.206,none
0.791,0.236,2.206,none
0.771,0.232,2.206,none
0.796,0.231,2.191,none
0.79,0.232,2.226,none
0.788,0.229,2.204,none
0.787,0.229,2.204,none
0.793,0.235,2.204,none
0.78,0.231,2.041,none
0.794,0.231,2.064,none
0.787,0.235,2.084,none
0.791,0.235,2.084,none
0.788,0.229,2.084,none
0.798,0.237,2.062,none
0.785,0.236,1.98,none
1.006,0.231,2.061,none
0.999,0.23,2.055,none
1.012,0.321,2.141,none
1.018,0.319,2.141,none
1.005,0.319,2.141,none
1.012,0.316,1.914,none
1,0.316,1.914,none
1.003,0.315,2.03,none
1.003,0.317,1.943,none
1,0.319,1.905,none
0.997,0.318,1.905,none
1.008,0.313,1.905,none
1.007,0.232,2.014,none
0.433,0.264,2.089,none
0.209,0.232,2.045,none
0.204,0.22,1.825,none
0.199,0.222,1.906,none
0.205,0.224,1.861,none
0.201,0.224,1.861,none
0.199,0.218,1.954,none
0.196,0.225,1.881,none
0.195,0.225,1.873,none
0.194,0.226,1.877,none
0.196,0.226,1.962,none
0.19,0.226,1.962,none
0.2,0.226,1.79,none
0.196,0.221,1.836,none
0.193,0.226,1.836,none
0.199,0.224,1.817,none
0.195,0.224,1.817,none
0.199,0.224,1.811,none
0.197,0.224,1.811,none
0.196,0.224,1.811,none
0.194,0.223,1.811,none
0.195,0.223,1.804,none
0.196,0.224,1.882,none
0.197,0.219,1.838,none
0.196,0.221,1.848,none
0.193,0.221,1.777,none
0.198,0.221,1.747,none
0.201,0.226,1.86,none
0.196,0.22,1.813,none
0.202,0.22,1.813,none
0.194,0.222,1.823,none
0.193,0.221,1.823,none
0.201,0.226,1.823,none
0.204,0.22,1.868,none
0.195,0.22,1.868,none
0.191,0.226,1.868,none
0.194,0.221,1.868,none
0.2,0.221,1.868,none
0.193,0.224,1.868,none
0.201,0.224,1.868,none
0.196,0.225,1.981,none
0.193,0.219,1.821,none
0.193,0.226,1.897,none
0.196,0.222,1.888,none
0.197,0.219,1.853,none
0.195,0.221,1.923,none
0.197,0.219,1.884,none
0.199,0.223,1.868,none
0.201,0.22,1.868,none
0.202,0.223,1.909,none
0.196,0.226,1.865,none
0.201,0.226,1.865,none
0.199,0.219,1.814,none
0.195,0.223,1.814,none
0.192,0.223,1.814,none
0.196,0.223,1.814,none
0.199,0.221,1.814,none
0.192,0.221,1.814,none
0.2,0.222,1.814,none
0.199,0.222,1.814,none
0.195,0.219,1.814,none
0.198,0.225,1.814,none
0.201,0.22,1.814,none
0.194,0.22,1.814,none
0.202,0.219,1.775,none
0.199,0.219,1.775,none
0.195,0.221,1.64,none
0.2,0.222,1.705,none
0.205,0.224,1.816,none
0.194,0.216,2.976,none
0.202,0.223,2.832,none
0.2,0.219,2.832,none
0.204,0.218,2.807,none
0.202,0.225,2.834,none
0.195,0.221,2.834,none
0.203,0.223,2.868,none
0.194,0.223,2.868,none
0.201,0.224,2.895,none
0.194,0.224,2.895,none
0.195,0.223,2.984,none
0.198,0.219,3.028,none
0.193,0.221,2.906,none
0.195,0.224,2.906,none
0.194,0.222,2.864,none
0.199,0.221,2.946,none
0.192,0.217,2.857,none
0.195,0.225,2.888,none
0.201,0.225,2.826,none
0.197,0.225,2.844,none
0.194,0.225,2.844,none
0.201,0.222,2.91,none
0.199,0.219,2.91,none
0.201,0.218,2.855,none
0.199,0.226,2.855,none
0.199,0.221,2.9,none
0.2,0.221,2.9,none
0.195,0.218,1.839,none
0.192,0.22,2.202,none
0.193,0.223,2.189,none
0.196,0.223,2.189,none
0.199,0.223,2.189,none
0.192,0.218,2.202,none
0.194,0.224,2.175,none
0.191,0.224,2.175,none
0.201,0.221,2.059,none
0.195,0.226,2.107,none
0.192,0.221,2.107,none
0.191,0.223,2.09,none
0.197,0.223,2.09,none
0.192,0.223,2.09,none
0.198,0.225,2.083,none
0.193,0.22,2.048,none
0.192,0.22,2.053,none
0.196,0.218,2.052,none
0.191,0.219,2.189,none
0.196,0.221,2.192,none
0.198,0.221,2.192,none
0.199,0.221,2.192,none
0.192,0.218,2.076,none
0.199,0.218,2.076,none
0.195,0.218,2.076,none
0.196,0.218,2.076,none
0.195,0.219,2.076,none
0.198,0.219,2.076,none
0.203,0.224,1.788,none
0.199,0.221,1.788,none
0.2,0.221,1.788,none
0.199,0.226,1.939,none
0.199,0.22,1.939,none
0.202,0.22,1.939,none
0.196,0.226,1.939,none
0.198,0.226,1.939,none
0.193,0.223,1.876,none
0.196,0.226,1.866,none
0.195,0.223,1.906,none
0.196,0.222,1.823,none
0.196,0.224,1.817,none
0.193,0.226,1.871,none
0.195,0.226,1.871,none
0.195,0.224,1.871,none
0.194,0.218,1.871,none
0.203,0.219,1.871,none
0.203,0.219,1.854,none
0.193,0.221,1.826,none
0.193,0.219,1.853,none
0.195,0.223,1.771,none
0.202,0.225,1.742,none
0.194,0.225,1.736,none
0.196,0.225,1.736,none
0.198,0.219,1.828,none
0.201,0.224,1.789,none
0.2,0.218,1.782,none
0.194,0.218,1.74,none
0.196,0.221,1.804,none
